,MCwb_SE,MCwb_PNW
count,10000.0,10000.0
mean,0.4749771028069246,0.4247941818329317
std,0.043328050327403694,0.04323492558584861
min,0.4000294009307252,0.3500296220651592
25%,0.4374509571746687,0.38734111247628317
50%,0.47401926907689534,0.42451474876067025
75%,0.5124798159120161,0.46253079522356344
max,0.5499787968648967,0.4999999233765451
